USE [aspnet-AppPruebaTekus-20220211122207]
GO
INSERT [dbo].[AspNetUsers] ([Id], [Email], [EmailConfirmed], [PasswordHash], [SecurityStamp], [PhoneNumber], [PhoneNumberConfirmed], [TwoFactorEnabled], [LockoutEndDateUtc], [LockoutEnabled], [AccessFailedCount], [UserName]) VALUES (N'cf686609-73c9-4581-a223-ef880754adda', N'HERNANG18@GMAIL.COM', 0, N'AI8NH8gRiDD6/OPSuLbEJRXwUw9KdJcu9XZN8fqj+Aa2za1yohZHRqJ4hM1fr7+spg==', N'4693595f-80fd-43b6-8609-2a222aafa50a', NULL, 0, 0, NULL, 1, 0, N'HERNANG18@GMAIL.COM')
SET IDENTITY_INSERT [dbo].[Suppliers] ON 

INSERT [dbo].[Suppliers] ([Id], [Nit], [Name], [Email]) VALUES (1, N'9005902825', N'Importaciones Tekus S.A.', N'importaciones@tekus.co')
INSERT [dbo].[Suppliers] ([Id], [Nit], [Name], [Email]) VALUES (2, N'1128273589', N'Impo Hernan', N'hernang18@gmail.com')
INSERT [dbo].[Suppliers] ([Id], [Nit], [Name], [Email]) VALUES (3, N'980893445', N'Importaciones Natan', N'impor@natan.co')
INSERT [dbo].[Suppliers] ([Id], [Nit], [Name], [Email]) VALUES (4, N'900836789', N'Importaciones WC', N'importaciones@WC.co')
INSERT [dbo].[Suppliers] ([Id], [Nit], [Name], [Email]) VALUES (5, N'900233233', N'Curazao Imp', N'Curazao@gmail.com')
INSERT [dbo].[Suppliers] ([Id], [Nit], [Name], [Email]) VALUES (6, N'212133233', N'TeraServi Impo SA', N'atenc@teraservi.co')
INSERT [dbo].[Suppliers] ([Id], [Nit], [Name], [Email]) VALUES (7, N'221332323', N'Med Impor', N'medimport@medimport.co')
INSERT [dbo].[Suppliers] ([Id], [Nit], [Name], [Email]) VALUES (8, N'90012234', N'Siaco', N'siaco@siaco.com')
INSERT [dbo].[Suppliers] ([Id], [Nit], [Name], [Email]) VALUES (9, N'9988300', N'Bythewave', N'bythewave@bythewave.co')
INSERT [dbo].[Suppliers] ([Id], [Nit], [Name], [Email]) VALUES (10, N'90087882', N'Segimpo', N'Segimpo@gmail.com')
SET IDENTITY_INSERT [dbo].[Suppliers] OFF
SET IDENTITY_INSERT [dbo].[Services] ON 

INSERT [dbo].[Services] ([Id], [Name], [Email], [SupplierId], [Price]) VALUES (1, N'Descarga espacial de contenidos', N'destekus@tekus.com', 1, 20000)
INSERT [dbo].[Services] ([Id], [Name], [Email], [SupplierId], [Price]) VALUES (5, N'Desaparición forzada de bytes', N'tekus@tekus.co', 1, 10000)
INSERT [dbo].[Services] ([Id], [Name], [Email], [SupplierId], [Price]) VALUES (6, N'Desarrollo de software', N'HERNANG18@GMAIL.COM', 2, 80000)
INSERT [dbo].[Services] ([Id], [Name], [Email], [SupplierId], [Price]) VALUES (7, N'Backup Equipos Usuarios', N'back@gmailcom', 3, 20000)
INSERT [dbo].[Services] ([Id], [Name], [Email], [SupplierId], [Price]) VALUES (8, N'Formateo de Equipos', N'fde@wc.co', 4, 95)
INSERT [dbo].[Services] ([Id], [Name], [Email], [SupplierId], [Price]) VALUES (9, N'Importacion Mercancia China', N'lavinye@gmail,com', 1, 22)
INSERT [dbo].[Services] ([Id], [Name], [Email], [SupplierId], [Price]) VALUES (10, N'Desarancelar', N'ds@gmail.com', 5, 35)
INSERT [dbo].[Services] ([Id], [Name], [Email], [SupplierId], [Price]) VALUES (11, N'Migracion', N'aya@gmail.com', 6, 45)
INSERT [dbo].[Services] ([Id], [Name], [Email], [SupplierId], [Price]) VALUES (12, N'Tester APP', N'test@gmail.com', 7, 34)
INSERT [dbo].[Services] ([Id], [Name], [Email], [SupplierId], [Price]) VALUES (13, N'Desarrollo de App Movil', N'des@bythewave.co', 9, 5)
INSERT [dbo].[Services] ([Id], [Name], [Email], [SupplierId], [Price]) VALUES (14, N'Recoleccion encuestas', N'rec@gmail.com', 10, 2)
SET IDENTITY_INSERT [dbo].[Services] OFF
SET IDENTITY_INSERT [dbo].[ServiceCountries] ON 

INSERT [dbo].[ServiceCountries] ([Id], [Code], [Name], [ServiceId]) VALUES (2, N'004', N'Afghanistan', 1)
INSERT [dbo].[ServiceCountries] ([Id], [Code], [Name], [ServiceId]) VALUES (4, N'170', N'Colombia', 1)
INSERT [dbo].[ServiceCountries] ([Id], [Code], [Name], [ServiceId]) VALUES (5, N'032', N'Argentina', 1)
INSERT [dbo].[ServiceCountries] ([Id], [Code], [Name], [ServiceId]) VALUES (6, N'170', N'Colombia', 5)
INSERT [dbo].[ServiceCountries] ([Id], [Code], [Name], [ServiceId]) VALUES (7, N'170', N'Colombia', 6)
INSERT [dbo].[ServiceCountries] ([Id], [Code], [Name], [ServiceId]) VALUES (8, N'152', N'Chile', 6)
INSERT [dbo].[ServiceCountries] ([Id], [Code], [Name], [ServiceId]) VALUES (9, N'170', N'Colombia', 7)
INSERT [dbo].[ServiceCountries] ([Id], [Code], [Name], [ServiceId]) VALUES (10, N'152', N'Chile', 7)
INSERT [dbo].[ServiceCountries] ([Id], [Code], [Name], [ServiceId]) VALUES (11, N'152', N'Chile', 8)
INSERT [dbo].[ServiceCountries] ([Id], [Code], [Name], [ServiceId]) VALUES (12, N'004', N'Afghanistan', 8)
INSERT [dbo].[ServiceCountries] ([Id], [Code], [Name], [ServiceId]) VALUES (13, N'152', N'Chile', 9)
INSERT [dbo].[ServiceCountries] ([Id], [Code], [Name], [ServiceId]) VALUES (14, N'032', N'Argentina', 9)
INSERT [dbo].[ServiceCountries] ([Id], [Code], [Name], [ServiceId]) VALUES (15, N'004', N'Afghanistan', 10)
INSERT [dbo].[ServiceCountries] ([Id], [Code], [Name], [ServiceId]) VALUES (16, N'032', N'Argentina', 11)
INSERT [dbo].[ServiceCountries] ([Id], [Code], [Name], [ServiceId]) VALUES (17, N'170', N'Colombia', 11)
INSERT [dbo].[ServiceCountries] ([Id], [Code], [Name], [ServiceId]) VALUES (18, N'032', N'Argentina', 12)
INSERT [dbo].[ServiceCountries] ([Id], [Code], [Name], [ServiceId]) VALUES (19, N'862', N'Venezuela (Bolivarian Republic of)', 12)
INSERT [dbo].[ServiceCountries] ([Id], [Code], [Name], [ServiceId]) VALUES (20, N'170', N'Colombia', 12)
INSERT [dbo].[ServiceCountries] ([Id], [Code], [Name], [ServiceId]) VALUES (21, N'004', N'Afghanistan', 13)
INSERT [dbo].[ServiceCountries] ([Id], [Code], [Name], [ServiceId]) VALUES (22, N'170', N'Colombia', 13)
INSERT [dbo].[ServiceCountries] ([Id], [Code], [Name], [ServiceId]) VALUES (23, N'004', N'Afghanistan', 14)
INSERT [dbo].[ServiceCountries] ([Id], [Code], [Name], [ServiceId]) VALUES (24, N'170', N'Colombia', 14)
INSERT [dbo].[ServiceCountries] ([Id], [Code], [Name], [ServiceId]) VALUES (26, N'152', N'Chile', 14)
INSERT [dbo].[ServiceCountries] ([Id], [Code], [Name], [ServiceId]) VALUES (27, N'076', N'Brazil', 1)
INSERT [dbo].[ServiceCountries] ([Id], [Code], [Name], [ServiceId]) VALUES (28, N'124', N'Canada', 1)
INSERT [dbo].[ServiceCountries] ([Id], [Code], [Name], [ServiceId]) VALUES (29, N'076', N'Brazil', 5)
SET IDENTITY_INSERT [dbo].[ServiceCountries] OFF
INSERT [dbo].[__MigrationHistory] ([MigrationId], [ContextKey], [Model], [ProductVersion]) VALUES (N'202202120448449_AutomaticMigration', N'AppPruebaTekus.Migrations.Configuration', 0x1F8B0800000000000400ED5D596FE436127E5F60FF83D04FBB0BA7DBC7CE60D6E84EE0B4C75963C707A63DC1BE196C89DD16464747A21C1B8BFCB23CEC4FDABFB0A4441D3C45A975B4932040E016C9AA62F12BB2586471FEF7EB7FE7DFBDF89EF50CA3D80D83C5E4647A3CB16060878E1B6C1793046DBEF930F9EEDB3FFF69FED1F15FAC1FF37A67A41E6E19C48BC91342BBF3D92CB69FA00FE2A9EFDA5118871B34B5437F069C70767A7CFC8FD9C9C90C6212134CCBB2E69F9300B93E4C7FE09FCB30B0E10E25C0BB091DE8C5F43B2E59A554AD5BE0C378076CB8985CEC76F75102D7E0017E4DE269D660625D782EC0C2ACA0B79958200842041016F5FC4B0C57280A83ED6A873F00EFE1750771BD0DF06248BB705E5637EDCDF129E9CDAC6C9893B29318857E43822767543D33BE792B254F0AF561057EC48A46AFA4D7A91217936B07A69F3E871E5600CFF07CE945A4F2627253B0B88877B7104DF386D38CE45584C9FD1C465FA7558A479671BBA3024EA7D363F2DF91B54C3C94447011C00445C03BB2EE93B5E7DAFF82AF0FE157182CCE4ED69BB30FEFDE03E7ECFDDFE1D9BB6A4F715F713DE603FE741F853B1861D9E0A6E8FFC49AB1ED667CC3A259A54DA6158C256C1913EB06BC7C82C1163D619B39FD30B1AEDC17E8E45F28B8BE042E3624DC0861BC4EACDBC4F3C0DA8345F94CCB93FC5FC3F5F4DDFB4EB8DE8267779B0E3DC71F1B4E84EDEA33F4D2D2F8C9DD65E6C58CF723AD7615853EF9CDE22B2B7D5C85496493CE84CA2A0F20DA42C44A379F95E035823421D53DAC73AA870F6D22A9086F6955D2A1369690B318DA1A7279FBE56B8CB8158C9E5D5B0F34B2308571B656C5D962459B6124898525664E4C3113E0BE0C3F055E07E8EC54A2C88A1256288CE00F30801140D0B90708C12828ED74CFA9EFE4F8B80F887DF481EB69D8E23FFB60BB4A763BCFAD5A954AC1A6333745997CF2A685CB107B60D1EB6301E4720297D72866E87C125754CBE77A636169F7E5C2D2C2C7B24B1539F9425144A1864CBAA6464F7BDCD2F669EB3FA600BD552CB17674DE4F2F3340CDBCD3D7049001A373FBEFD6FC791FAE6696686760C55CD0D0B468BB3F8CAA06DF2EFA9DD8D4506B79CB35B8D9B226989E72E16B657517849A9DCA48BC7B9DF149632F538EC091C5567B330638DC6EA60E9EA69B7B032ECB30D8B8910F8B5E7E1F621081A0B1CCF7208EF1DED6F927889F3AB0ACBA35D14E220CD31502FEAE776EF74F61006F137F4DD03F1CAFCE86E6E1E7F00AD8786DF81890567BD3FB14DA5FC3047D0C9C4BBCCE7C41764E90FC7C707D73029D887361E3392EBEC260864EEA6F34749424218CB1836B4B0FB8BE7C71E066D3C7BC6AB942C86B08CB84A29A6CADD089FA29DCBA8199A87955B5A8598D5A5169B5A6A212626692D29A6A41D30AB57266B53A8B5DA623D47DF032257BF8D1CB43F79EC70A7DA6C34798F6BE36A59C7E045ED235AB56D6904E02DD5B434AF6F0AD2115137F7E761DE2951884F4F3CA98BC517DF96941BDCD71920D6D0E4C3787663ECC1CA032978B380E6D37B502C9612E3D8A63E5C73E9C557F2E97F5863FDBC31DC34077C99287BFE0BE09DAD1522FA2B122F5F2A08EE5F0378103862B8C4823407632313637374022B6DDC07677C0ABED2AD7D2701D222352F0E04B2EE10E068461AD264C98CBCFE58800051FCE5CEB34349F5560A347932238A81AF3BA486139EE7CE4BC6ED46B7948B0558432EB40DB0A527A390680955ED9260254E2CCE3A04B887A29075D1D02AB8C77112C369FA5344746B540EA686E52F66D080CA9BA6F049FCA39E528F8516C8C55635DB74B2E075C08809A03AA668FAD58FAE83EAF177CE9BB3D00C8F42A311140798D650C94D198862900F800472F28E3C2230A94D1FDD3202863BB3D02CA5895BC399465F128D3F1E78253BD608C0D6D0DEFC36BFB3C02C0187D1C18BEB2DD226E83700B188918BB5C9342F88224E1142C278DA8C47473CA4384105F41C40659CB1DAA74E728E08C25C2834847B0045A0DD1F23455A055F8746624322FDBD5912AF6327514A9DB242555B8B03544E8255B818060EF0DD49E9F2B68F54E3D950664F333002D59BA3471642BE81669572F1B572AAAAF24F366671409297A56E05C305FA39847858E04EA7CC48DEDB8815254B77844C5986CE99B6CEA2B1D136D45A3AB9A7DBC48B6133589F72C241AD26F4B0D37A6D50E9416AF5388722BDA8F2E54C78AA2424CF6594D765A95FE50FBD5A8A56643A5B0ABBC339D6B299FCDEAB524DB2734D929ECA5256E43A0D052DE99CEB544A7B57A2549DCDC068EEE5E2A62FDD98EE6E73C505FB85E45D97C9665AED10FF39922C56D7E03763B37D85652DEE8176B95E5BB2DBF5935CF02F3331A339BD136EF28169C5018812DE44AB34BB8576E14A34B80C01A90638AA5E30BD5A48EA6C263C859567D49711073D721AF4DFE2EA027B981C6F89EA2734EC95CE14EFAC4C34F0F8225109037B7481622F04024397B5E865EE207EA0D87BA757603A5DA3EFB225298CF38F9850D85A0300EBFBCF68DC646B48BEEC6A970E9DB8F959A844AE3F986ACAA73D5264D4D253FA0A952511DDA8C36761A57A6E990293C46839152B61CDBA05414E8ADCC2A09FAC99C46354A5E25A48B9E8F0D93D283EF0C2EF9EEB8356A9404FA014F966E526D9F7D19127E95F3390639EA63BBF180536C713A404C1E0469811565D39EA618923FC10CB12BDC4EEC17234DA6A891B0A18ABE34C5051FDB6A0E8F5A0AFDA0A48B6584BFBA2F10AB94995365AFF05769B2254DE62CE69E3E3B6F31450DA4ACDEC66784AC16B4A2A7D0A8BC863907F1FE7D95BA586A4E597213BF4A5A52DC82B64466BECC9CAAE4B27E95B0A4D89C7679739FF7E10F78EFA40C9FEDB379CAE2F2FBED9E1434FA9914BBD97C55AE4233BE5AF9B9212D7AD9592046BF1F24A09491C67D00959DC8EC0728050DF5FCC3DC2366A71FEDE567354DE6723033C5EB2E47ABE935836DAFE010628D7C95827B1173E4628B731AE7AB7F634B08FC65552656AE46BCBCBFC608FA535261BAFAC95B623F9C4CE679851B10B81B18A3EC42FCE4F4F8E4947BA3EB70DECB9AC5B1E349E2A4AA47B3D8311B20B725780691FD0422F1A6F91EC9D82551E14AC075E0C097C5E43F69ABF334A04EFE4A3F1F59D7F197C0FD29C1050F784EB17E1133E7BA7963471FE93BD01791CCB57AFDEFC7ACE9917517618B39B78E395DB61961F69DA446D2644DF790A6F1EB49831B924BA6A8DA34B09E8D4A6B3FE9DB46FB6493E712FCC5072F7FEDE031A2546506E8295BB208EA1431D2A8E09B054EF58D9BBD8173DA1C3732E0B6840DFF848D316AF286BD80461A1E7CB370A9BCDEF2B6D1D27ABE6AFDA4C9DBF5D8A4BAD2795CED1F0659137C75F0288872445B3FFCB11745C9E31E5DD1EB4485AAC73BDAD0523EDCE1E09F287DB8A35967E50F79B4114DF988473A57EEF98487B99F9BB71C712F2389BBBDD935E9B0363FC24B097B19BAF81A4203727BBC78D002196FECB180CE5647C95B009DD11E13DABD3F00D069CE7F99A0316EAAFF90D9FD9A1B6CBF89A4FE76A9F5AAFBFE7B3D06B04FBEFEF099F9BFD154FCFD53EFCD71D571A6FD8018F83D24D27795702A49331B3F5D7EE82544758E7FE0E9CACD92E2FB400CCD201C3FF57D68C4A80EEA0F1C318D12DCFB00CC580EEAC87031F651474F5717938DF86195271D676357EE97A49B9AECFEC262E2AC430C826CDF95BDFB274FF952312BC1A2645856513355E79AF18C0B1749E05794C8D828134715F40B675CC5A6A8A0E1A6CC045626C56B73E2A59C54B9B5020B61DA10380935F4E3D50C24D467D1A284D6D1B355A4B6EA78D3D54FCB9BD6D1F356248C8E91A72F4DD994BD0A51B30028AEAE49DF9738C4BC7C597A7883C47B7502BFF892C501E5DB4BF3EB4DBA6DA2AE834EA6673A50F3DC47DDF64A7B0FF82DE5CE77A214669654DC657D3BA9F29DA8A4CB29B2416ABC782D153B97957F20163BB8B1BB2D49907F2E368036E3561675AE834D987BB79C4479152ED07F031170B0CF79112177036C848BC95165FAB26F7AFC430ECCD7D0B90EEE12B44B10EE32F4D71E3361122F59C73FCDFF67659EDFEDC8AFB88B2E60315D72C47B177C9FB89E53C87D25395A509020EE373D18246389C801E1F6B5A0741B068684A8FA8A5DC303F4771E2616DF052BF00CDBC886E1F7096E81FD5A1E24A988D40F04ABF6F9A50BB611F0634AA36C8F7F620C3BFECBB7FF07931638D327790000, N'6.1.3-40302')
INSERT [dbo].[__MigrationHistory] ([MigrationId], [ContextKey], [Model], [ProductVersion]) VALUES (N'202202131450287_AutomaticMigration', N'AppPruebaTekus.Migrations.Configuration', 0x1F8B0800000000000400ED5D596FE436127E5F60FF83A0A7DD85D3ED6367306B742770DAE3ACB1E303D39E60DF0CB6C46E0BA32B12E5D858E497E5617FD2FE852525EAE02551474BED2408309916C92AB2F81559556471FEF7EB7F17DFBD78AEF10CA3D809FCA579323B360DE85B81EDF8BBA599A0ED371FCCEFBEFDF39F161F6DEFC5F831AF7746EAE1967EBC349F100ACFE7F3D87A821E88679E6345411C6CD1CC0ABC39B083F9E9F1F13FE62727738849989896612C3E273E723C98FEC03F57816FC11025C0BD096CE8C6F43B2E59A7548D5BE0C13804165C9A1761781F2570031EE0D7249E650D4CE3C27500EECC1ABA5BD300BE1F20807057CFBFC4708DA2C0DFAD43FC01B80FAF21C4F5B6C08D211DC279595D7734C7A76434F3B2614ECA4A6214782D099E9C51F1CCF9E69D846C16E2C302FC88058D5EC9A853212ECD6B1BA69F3E072E1600CFF07CE546A4F2D2BC29585CC4E12D44B3BCE12C23791561723F07D1D75995E291A1DDEEA880D3E9EC98FC7764AC121725115CFA304111708F8CFB64E33AD6BFE0EB43F015FACBB393CDF6ECC3BBF7C03E7BFF7778F6AE3A523C565C8FF9803FDD47410823DC37B82DC66F1A73B6DD9C6F5834ABB4C9A482B18435C3346EC0CB27E8EFD013D699D30FA671E5BC403BFF42C1F5C577B022E14608E3D5346E13D7051B1716E5F35A9EE4CF1AAEA7EFDE0FC2F5163C3BBB74EA39FE587122AC579FA19B96C64F4E98A91733DF8FB4DA551478E4378BAFACF4711D249145061328AB3C80680711DBBBC5BC04AF16A409A9E1619D533D7C68939E8AF096562503EAA209398BB1B521EFEF7EF96A236E0DA367C782AB00EF63D16B2DDEC8FE14C4D99615677B16DB1AE34AAC5322E84417413E1ED9F80BE2B58FCE4E2562ADC8628D8208FE007D180104ED7B80108CFC526B9BA67E85A553B7101E4FB0FAE2BFEE832B0546B3747517714A50BA8CD3B247FA7F6611E7CB8AF5395FC2850AF91ADF479D3AEAD11F0AD40BCB27C77BD1A08F1E70DC0954280943D7A96E5203E990DC166AA544BC1DA4D432EDAED1C1CABB460BE57DE30B450D176AF453F1A2AB2D759CB6FB43C91B94DC41BF934D72AC85A5E382D04EEB842541A9979DB4EE8250B3D23E12CBBD4EF9A471951947E0C860ABBD19051CCF536982A7AEE3AEC16515F85B27F26031CAEF030C22E0B7EEF33D8863ECB7DAFF04F1D3009AD564E45A498461BA46C00BF7CEEDFE29F0E16DE26D08FAC7E335D8D43CFC1C5C010BEF0D1F7DD2AA37BD4F81F53548D047DFBEC4FBCC1764E504C9CF07C7D3273048772E2CBCC6C55718CCD04EFDE196569B243C3175E06CE502C7936F0EDC6AFA98572D7708790D619B50546B6B3F7E0A768EAFD7D5BCAABAAB598DC6AED26A6DBB4A88E9F594D6547734ADD0D8CFACD66071C97486860F4CA6640F3F3279E8D6F35461CD74FA08D3BDEF4D29A71F819B0CCDAA9336A48BC0F0DA90923D7C6D48BB893F3F3B36B14A34C2F579654C5EABBEFC24A059E7B89E8DAD0ECC30C7663ECE1AA052978B380E2C27D502C9412D3D6663FB8F6D38A3F9CC2D1B0D7F6E87078681EE902D0F7FC16313A4534BBD081689D4CB433896C3DF040E18AE30228D00F16462AC6E8E8F446C3BBEE584C06D1C2AD752731F223352F0E04B2E61087DC2B051123ACCE5676EA403051F4E5D9B24B4985760538F262150A99A6D75D4B29CEB225EAF0F22F5898240B63855DB0B8054E31B013E2A19E8B0AE1C0D4D831F21AEA59C697590AB32D54538B80584D431EB46680E051ED5D8C6408F6AF85AF0A91C8B4C821F85EBAB9AEB263FB89C7021C4A90FA8062F5AB1B9514F6E2FF8AA1FF60820AB17894E07949750A640198D5AE802800F61EC05655C00448132EA218D823276D813A08C15C99B43591671D29D7F2EFCB4178CB1C1ABF1ADF4DA314F0030461E0786AFCC1FC46D106E01231163971B52085F90246082FB49632631753F798810E26B88D8306AE9834A7D4301672C111E4475044BA03510658C7F474A93F70FF428D6506A2641CD26298DC2846D2042AFC80A04047D6F21F6FCE4A056EED4526941368FF2D792A55B1347B6826E9176F5AA70A5A2FA4231AF765AB18E626405CE05F5D58A6A54E848A0CEC7D4D8816B0845BC33248AA4DE5DD773D82BC32859D54844E9A28B842A5ADA5F1CE28D09893CEADD4F4D07B43A9052B3EB44A274393584DB4116AA034251203AFE541B8FAA321EAAA7356269709C14FA930F667029E5AB56B39464FE401B8FA0979438C35F21A57C30834B892E5FCD429298B32D0CDA5E2262EDD681D6E13CE45E985845D9629EE597D10F8BB922116D7103C2D0F17795C434FAC558675969AB6FD6ED73B5BC8CC6DC62A4CD1B84052714446007B9D2EC7EFC9513C5E81220B001E4C061657B4235A941A9B00C7296559B519CC4DC44C86B93BF17D093DC25636C4CD108A764AEF0203D62C9A747BA1208C89B1B245710B820929C22AF0237F17CB563A16E9DDD25A9B6CFBE88141673AEFF82E320088CC32F2F7DADB911F562B8792A4CF7EE73A526A19278EE785565AE72C6D454F2A3962A15D5F1CB647327D852FDA78EF390DA4F5C1381FDA85996E2536D9F7DD987A2AA28540E58AA646ACE5DA606CE8080E98E94C35B895514E8C5DC2A09FAA905482AC7280C4A6A8E57A68349E1E20C80933CD8D10128CAA67B420AC9846080E208F70C6BDB8F8AB489B0A18AB2B4C5051FC36A0F8F460AFB41C910AB017F095F205629D3A7CA5EC6AFD2644BDA6C6DCC8D7B767B638A5AF4B27AAF9EE964B5A0133D8544E535F4398837E9ABD4C5527DCA923BF555D292E20EB4257DE6CBF4A94AAEDD57094B8AF5699777F0791BFE807D2765F8AC8FF394C5DFFB794F0A1AFB59148771BE2A979A1993BEFCDC9216BDB62C10A3DF0F1250CA48631F4065272FFD00A5A0A15E7F981BC1ECF2537B8D594D93B9E6CB2CF175D79CD5F4DAC176AFE010628D7C95827B1173E4628B0B1AE76B7E094B08FC65554C231723DEDE5F6304BD19A9305BFFE4AEB01D4E16F3BCC20DF09D2D8C5176B5DD3C3D3E39E55ED23A9C57ADE6716CBB9238A9EA692B76CE46C852F19F41643D8148BC33DE23ADBA242A1CFD5FFB367C599AFF495B9DA70175F2B7F4F391711D7FF19D9F125CF080D714E31731076E989770EA237D07FA6E91BE54AFFFFD98353D32EE22AC31E7C63127CB2E33CCBE66D4AA3759D31EBDE9FAC6D1E8FAE49095AA31AFAB6DC255E531A1567267A5F17803F0C21A15D37042146EE526E423B4CF8D2BD29726253C1E6465F88B075EFEDAFFA5A154DABDE570AA2B874121FA1BC166DB75BF165DE9AB3E7D9E2EE8892FE1191E6D80152DD9456E20C44883916F1732E5AB2FBD1133E97AD4197A9D9F4279BBF6A1545675F65DF7074536045F033C26A29CD1CE0F86F4A228791464287A838850F5E847175ACA073F6CFC13A50F7EB41BACFC01902E5D533EFE91AE953D9FFED0B7EEF296137A4E9228DF9BDD930ECBD5125E58E8A5E8E22B0A2DC8F57829A10332DED8230383ED8E92370406A33D25B4F7FE70C0A06F0594691FD33E1130E6AB0035F7E5DEF863000325FF17893B13E5FC8F98E3AFBE81F75B48EDEF9FCAAF8FAB8133F747C4C0EF21317FA8045649DADAF4E9F7636F1EAAFB02079EFEDC2EC97E1F88A11989D3A7D28F8D18D5858003474CAB84F97D00662AD37462B8685BA793A7BF8B494DFCB4CA9398B3B92B3D25A93B93DD93589AF626C020C83CAEECA540796A998A59091625C3B28A9AA93AA78D67CC1BCB025BBE828C69630AAF826B5D1A7D0D1F0DFA85012932288AA41C5439BC020B61D910380935EAE7AB1D48A8CD528B125AA79EAD2285B68E37DDFD6A79D33AF5BC1589A953E4FD4B534365AF4C346C008A2B72D2F72A0E25CF5F967AAE93D6CF2D1AB26CAF03CEE597E6EEEB0C5B475C079DA8CF0CA0E1C9902697AAF68EF15BCACB1F4428CCCAA8B827FB76D2F00711C990CB628BB47BF1CA2B36282BFF442C366A6367579220FF60AC0F2DC6942CEA5CFBDB20B768B91EE555B8B0FE0D44C0C676E645849C2DB0102E260793E9FBBFE9610F391EDF40FBDABF4B5098203C64E86D5C66C12496711DFFF46D01B6CF8BBB90FC8A871802EEA6430E74EFFCEF13C7B58B7E5F490E12142488C94D8F01C95C22721CB87B2D28DD06BE26212ABEC25378805EE86262F19DBF06CFB04BDF30FC3EC11DB05ECB63231591E68960C5BEB874C02E025E4C6994EDF14F8C61DB7BF9F6FF781EEDD729790000, N'6.1.3-40302')
INSERT [dbo].[__MigrationHistory] ([MigrationId], [ContextKey], [Model], [ProductVersion]) VALUES (N'202202131614528_AutomaticMigration', N'AppPruebaTekus.Migrations.Configuration', 0x1F8B0800000000000400ED5D596FE436127E5F60FF83A0A7DD85D3ED6367306B742770DAE3ACB1E303D39E60DF0CB6C46E0BA32B12E5D858E497E5617FD2FE852525EAE02551474BED2408309916C92AB2F855B158246BFEF7EB7F17DFBD78AEF10CA3D809FCA579323B360DE85B81EDF8BBA599A0ED371FCCEFBEFDF39F161F6DEFC5F831AF7746EAE1967EBC349F100ACFE7F3D87A821E88679E6345411C6CD1CC0ABC39B083F9E9F1F13FE62727738849989896612C3E273E723C98FEC03F57816FC11025C0BD096CE8C6F43B2E59A7548D5BE0C13804165C9A1761781F2570031EE0D7249E650D4CE3C27500EECC1ABA5BD300BE1F20807057CFBFC4708DA2C0DFAD43FC01B80FAF21C4F5B6C08D211DC279595D7734C7A76434F3B2614ECA4A6214782D099E9C51F1CCF9E69D846C16E2C302FC88058D5EC9A853212ECD6B1BA69F3E072E1600CFF07CE546A4F2D2BC29585CC4E12D44B3BCE12C23791561723F07D1D75995E291A1DDEEA880D3E9EC98FC7764AC121725115CFA304111708F8CFB64E33AD6BFE0EB43F015FACBB393CDF6ECC3BBF7C03E7BFF7778F6AE3A523C565C8FF9803FDD47410823DC37B82DC66F1A73B6DD9C6F5834ABB4C9A482B18435C3346EC0CB27E8EFD013D699D30FA671E5BC403BFF42C1F5C577B022E14608E3D5346E13D7051B1716E5F35A9EE4CF1AAEA7EFDE0FC2F5163C3BBB74EA39FE587122AC579FA19B96C64F4E98A91733DF8FB4DA551478E4378BAFACF4711D249145061328AB3C80680711DBBBC5BC04AF16A409A9E1619D533D7C68939E8AF096562503EAA209398BB1B521EFEF7EF96A236E0DA367C782AB00AF63D16B2DDEC8FA14C4D99215676B16DB1AE34AAC5322E84417413E1ED9F806F1DA4767A712B15664B14641047F803E8C0082F63D4008467EA9B54D53BFC2D2A93384C713585FFCD77D70A5C06896AEAE11A704A5669C963DD2FF33469C2F2BEC736EC2850AB98DEFA34E1DF5E80F05EA85E593E3BD68D0470F38EE042A9484A1EB5417294D1DE2E8DC47292033129701464A1F67AAD4B1BE8AC8FB524A4DD5EE1A1598BC6BB450DE37BE50B412428D7E66A2E86A4B3B41DBFD61281A0C85837E270BED58C6A9A34168A775824950EA6527ADBB20D4ACB48FC4FBAF533E696C66C6113832D86A6F4601C7DBED34C15377F3AFC16515F85B27F26031CAEF030C22E0B75F30411CE3BDAFFD4F103F0DA0594D8EB2954418A66B04BC70EFDCEE9F021FDE26DE86A07F3C5E834DCDC3CFC115B0F0DAF0D127AD7AD3FB14585F83047DF4ED4BBCCE7C4156E127E19F0F8EA74F6090EE5C58D8C6C55718CCD04EF7D4FD3C3F62A3A60EBEAD5CE078F2C581B3A68F79D5728590D710960945B5B6FEE3A760E7F87A5DCDABAABB9AD568EC2AADD6B6AB84985E4F694D7547D30A8DFDCC6A0D16DB4C6768F8E0664AF6F0A39B87EE3D4F151A4DA78F30DDFBDA9472FA11B8C9D0AC3A69436A0486D78694ECE16B43DA4DFCF9D9B18957A211F2CF2B63F25AF5E5A709CD3AC7F56C6C7560863936F3716C804A5D2EE238B09C540B2487BDF4A88EED3FF6E18CE673BB6C34FCD91F1E1806BA43963CFC058F4D904E2DF5225824522F0FF2580E7F133860B8C28834026427136375737C2462DBF12D27046EE350B9969AEB10999182075F720943E813868D92D0612E3FB7231D28F870EADA24A1C5BC029B7A3409814AD56CABA396E55C17317F7D10A94F2504B2C5C9DC5E00A41ADF08F051C9408775E578691AFC08712DE54CAB835C95A92EC2C12D20A48E5937427328F0A8C636067A54C3D7824FE5686512FC28B6BEAAB96EDA0797132E8438F501D5B08B562C6E7427B7177CD50F7B0490D58B44A703CA8B2C53A08C462D7401C08730F682322E00A24019DD218D823276D813A08C15C99B43591671D29D7F2EFCB4178CB1C1ABF1BDF4DA314F0030461E0786AF6C3F88DB20DC024622C62E37A410BE2049C004F793C64C62BAFDE4214288AF2162C3A8E51E54BA371470C612E1415447B0045A0351C6F977A434F9FD811EC51A4ACD24A8DB24A551B8B00D44E8355B8180A0EF2DC49E9F1CD4CA9D7A2A2DC8E651FE5AB27469E2C856D02DD2AE5E37AE54545F4AE6D54E2BD6518CACC0B9A0BE5A518D0A1D09D4F9981A3B700DA18877864491D46FD7F536EC956194AC6A24A2DCA28B842A5ADA5F1CE28D09893CEAB79F9A1BD0EA404ACDAE138972CBA921DC0EB2501D108A02D1D94FB5D95155C643F5B4462C0D1B2785FEE483195C4AB9D56A96926C3FD06647D04B4A9CE3AF90523E98C1A544CD57B39024EE6C0B87B6978858BF75203B9C87DC0B17AB285BCCB3376AF4C362AE78CCB6B80161E8F8BBCAE336FAC558672FDB56DFACDBBFF7F2321A738B9136EF10169C5010811DE44AB33BF6574E14A34B80C00690038795ED09D5A40EA5C233C859567D467112731721AF4DFE5E404F72978CF13145279C92B9C283F488279F1EE94A20206F6E90F786C00591E4147915B889E7AB3716EAD6D95D926AFBEC8B486131E7FA2F6C1C048171F8E5A5AF3537A25E0C374F85EBDE7DAED4245412CF375E5599AB36636A2AF9514B958AEAF865B2B9137CA9FE53C7ED90DA4F5C1381FDA859F64CA8DA3EFBB20F455551A81CB054C9D49CBB4C0D9C0101D31D298767895514E8C5DC2A09FAA905482AC7280C4A6A8E57D4D4E83B952A21FAE970A0566C9306C05A1E30E9003665D33DA18DBCA660C0E60877156BDB8F8AD689B0A18AD4B4C5051F076B0F8F460AFB41C9101685BFC82F10AB94B5B02CCC857EC6C030256D9647E6D63EBB4432452D7A59BD9BCF74B25AD0899E42A2F21AFA1CC4DBF855EA62A93E65C9BDFC2A69497107DA923EF365FA542557F7AB8425C5FAB4CB7BFCFC3EE080F75FCA105C9F0D5816C3EFB70353D0D88F511C660357B918CD6C0BCACF2D69D1ABCF0231FAFD2001A58C56F60154767AD30F500A1A6AFBC3DC2A66CD4FED5568354DE6AA30EB41D75C9556D36B07DBBD82438857F2550AEE45DC928B4F2E68ACB0392397103CCCAA98462E46BCBCBFC6087A335261B6FEC95D613F9C18F3BCC20DF09D2D8C51763DDE3C3D3E39E5327A1D4E76AD791CDBAE24D6AA4AB1C5CED9082F5DFC6710594F2012EF9DF7789A5D1215AE0F5CFB367C599AFF495B9DA74179F2B7F4F391711D7FF19D9F125CF0806D8AF18BF88E6E988C3CF5D1C203CD9FA42FD5EB7F3F664D8F8CBB086BCCB971CCC9B2CB0CB359955AF5266BDAA3375D732D8DAE4F0EB1548D6FC3DA3EDAAA24356A2577561A8F37001BD6A8988613A2702B37211FA17D6E5C91BE3429E1F12096E12F1E78F96BFF8C47A9B47BCBE154570E8342F43782CDB676BF165D6976A13EE90F7AE24B4807A40DB0A2256BE4FAE411DABA014083814E1ACF7CBBA82B93CFF406DDA426AD337A3B676479BB2EA65456752E62F7BC261BA749F324CA2BC969A29CD1CE794B7A5194E426198ADE202254E51EE9424B9977C4C63F519A77A4DD60E57948BA744D998324B5953D3390E83B8879CB09375F9240E19B5D930E6BB726247AE8A5E862328716E47A246CE8808C3796EB60B0D55192CA6030DA53427BEFF90B064D5950BE3E993653C198C9096AAEEDBDF19C0403E52028DE0F4D947A60C45403EA8B80BF850C03FD330AE8E36AE004022362E0F7901F60A877B492D773D36701187BF1505D3938F057D8EDDEFAEF0331F461E4F42FFAC7468CEA4EC18123A6D5BBFD7D00662AD77462B8687BA793BFC217DF56F1D32A7F4B9DCD5DB953926E67B2AB164BD3DE041804D98E2B4B58287FE1A662568245C9B0ACA266AA7E5AC733E69D65812D5F41C6B4F125B1826BDD6BFE1A3E1AF40B07526450144939A89E120B2C04B32170126AD4CF573B90509FA51625B44E3D5BC54BDE3ADE74F5ABE54DEBD4F356BC8F9D22FD80F485AA2CD945C302A0B865274D9B7128E906642FE075B20B704643F6E8EC80530A485308E80C5B475C079D2F80194043E692A62D55ED35E5B7941E6010A130965171D5F6ED6403184424439AC516AFFFC55BB3D8A1ACFC6BB7D8A98D9D5D4982FCDBB73EB41857B2A873ED6F83DCA3E57A9457E1C2FA3710011BFB99171172B6C042B8981C4CA66988D3C31E723CBE81F6B57F97A0304178C8D0DBB88CC1249E711DFF34C501DBE7C55D487EC5430C0177D32107BA77FEF789E3DA45BFAF2407090A12C4E5A6C780642E11390EDCBD16946E035F9310155FB15378805EE86262F19DBF06CFB04BDF30FC3EC11DB05ECB63231591E68960C5BEB874C02E025E4C6994EDF14F8C61DB7BF9F6FF8D4FCBEDF4790000, N'6.1.3-40302')
